<?xml version="1.0" encoding="UTF-8"?>

<organisational-specification
  id="hello_world"
  os-version="0.8"

  xmlns='http://moise.sourceforge.net/os'
  xmlns:xsi='http://www.w3.org/2001/XMLSchema-instance'
  xsi:schemaLocation='http://moise.sourceforge.net/os
                      http://moise.sourceforge.net/xml/os.xsd' >

<structural-specification>
  <group-specification id="gg">
    <roles>
      <role id="greeter" max="2"/>
    </roles>
  </group-specification>
</structural-specification>

<functional-specification>
  <scheme id="hw_choreography">
    <goal id="show_message">
      <plan operator="sequence">
        <goal id="show_w1"/>
        <goal id="show_w2"/>
      </plan>
    </goal>

    <mission id="mission1"  min="1" max="1"> <goal id="show_w1"/> </mission>
    <mission id="mission2"  min="1" max="1"> <goal id="show_w2"/> </mission>
  </scheme>
</functional-specification>

<normative-specification>
  <norm id="norm1"  type="permission" role="greeter" mission="mission1"/>
  <norm id="norm2"  type="permission" role="greeter" mission="mission2"/>
</normative-specification>

</organisational-specification>
