<?xml version="1.0" encoding="UTF-8"?>

<?xml-stylesheet href="http://moise.sourceforge.net/xml/os.xsl"
                 type="text/xsl" ?>

<organisational-specification

  id="wp"
  os-version="0.8"

  xmlns='http://moise.sourceforge.net/os'
  xmlns:xsi='http://www.w3.org/2001/XMLSchema-instance'
  xsi:schemaLocation='http://moise.sourceforge.net/os
                      http://moise.sourceforge.net/xml/os.xsd' >

  <structural-specification>
    <role-definitions>
      <role id="author" />
      <role id="writer"> <extends role="author"/> </role>
      <role id="editor"> <extends role="author"/> </role>
    </role-definitions>

    <group-specification id="wpgroup" >
      <roles>
          <role id="writer" min="1" max="5" />
          <role id="editor" min="1" max="1" />
      </roles>
      <links>
        <link from="writer" type="acquaintance"  to="editor" scope="intra-group" />
        <link from="editor" type="authority"     to="writer" scope="intra-group" />
        <link from="author" type="communication" to="author" scope="intra-group" />
      </links>

      <formation-constraints>
          <compatibility from="editor" to="writer" type="compatibility"
                         scope="intra-group" bi-dir="true"/>
      </formation-constraints>
    </group-specification>
  </structural-specification>

  <functional-specification>
    <scheme id="writePaperSch" >

      <goal id="wp" ttf="5 seconds">
        <plan operator="sequence" >
          <goal id="fdv" ds="First Draft Version">
            <plan operator="sequence">
              <goal id="wtitle"     ttf="1 day" ds="Write a title"/>
              <goal id="wabs"       ttf="1 day" ds="Write an abstract"/>
              <goal id="wsectitles" ttf="1 day" ds="Write the sections' title" />
            </plan>
          </goal>
          <goal id="sv" ds="Submission Version">
            <plan operator="sequence">
              <goal id="wsecs"  ttf="7 days" ds="Write sections"/>
              <goal id="finish" ds="Finish paper">
                <plan operator="parallel">
                  <goal id="wconc"  ttf="1 day"
                        ds="Write a conclusion"/>
                  <goal id="wrefs"  ttf="1 hour"
                        ds="Complete references and link them to text"/>
                </plan>
              </goal>
            </plan>
          </goal>
        </plan>
      </goal>

      <mission id="mCollaborator" min="1" max="5">
        <goal id="wsecs"/>
      </mission>

      <mission id="mManager" min="1" max="1">
        <goal id="wabs"/>
        <goal id="wp"/>
        <goal id="wtitle"/>
        <goal id="wconc"/>
        <goal id="wsectitles"/>
      </mission>

      <mission id="mBib" min="1" max="1">
        <goal id="wrefs"/>
        <preferred mission="mCollaborator"/>
        <preferred mission="mManager"/>
      </mission>
    </scheme>
  </functional-specification>

  <normative-specification>
    <norm id = "n1" role="editor" type="permission" mission="mManager" />
    <norm id = "n2" role="writer" type="obligation" mission="mBib"       />
    <norm id = "n3" role="writer" type="obligation" mission="mCollaborator" />
  </normative-specification>
</organisational-specification>
